<?xml version="1.0" encoding="UTF-8"?>
<!DOCTYPE suite SYSTEM "https://testng.org/testng-1.0.dtd">
<suite name="Suite" thread-count="5"  parallel = "tests">
<!--suite name="Suite" thread-count="5" -->



  <listeners>
     <listener class-name="listeners.Listeners"/>
  </listeners>



  <test thread-count="5" name="Test1">


    <classes>
      <class name="com.pvptestCase.LoginTest"/>
    </classes>
  </test> 

<test thread-count="5" name="Test7">


    <classes>
      <class name="com.pvptestCase.AddToCartTest"/>
    </classes>
  </test> 
<test thread-count="5" name="Test8">


    <classes>
      <class name="com.pvptestCase.CartPage"/>
    </classes>
  </test> 


<test thread-count="5" name="Test2">
    <classes>
      
      <class name="com.pvptestCase.Test2"/>
      
    </classes>
  </test> <!-- Test -->

<test thread-count="5" name="Test3">
    <classes>
     
      <class name="com.pvptestCase.Test3"/>
     
    </classes>
  </test> <!-- Test -->

<test thread-count="5" name="Test4">
    <classes>
      <class name="com.pvptestCase.Test4"/>
     
    </classes>
  </test> <!-- Test -->
</suite> <!-- Suite -->
